{
  "keys": {
    "reload": "<ctrl>+r"
  },
  "tangibles": {
    "perspective": 10,
    "layer": 11
  },
  "map_bounds": [8.2881, 48.96465, 8.51503, 49.0700],
  "field_size": [280, 280],
  "field_positions": {
    "overview": [536, 2227],
    "bird": [861, 2227],
    "normal": [1189, 2227],
    "frog": [1518, 2227],
    "detail": [1844, 2227],
    "areas": [536, 2810],
    "noise": [1518, 2810]
  }
}